Div,Date,HomeTeam,AwayTeam,FTHG,FTAG,FTR,HTHG,HTAG,FTR,B365H,B365D,B365A,BWH,BWD,BWA,IWH,IWD,IWA,PSH,PSD,PSA,WHH,WHD,WHA,VCH,VCD,VCA,Bb1X2,BbMxH,BbAvH,BbMxD,BbAvD,BbMxA,BbAvA,BbOU,BbMx>2.5,BbAv>2.5,BbMx<2.5,BbAv<2.5,BbAH,BbAHh,BbMxAHH,BbAvAHH,BbMxAHA,BbAvAHA
B1,26/10/18,Gent,Charleroi,,,,,,,1.66,3.8,5,1.67,4,5,1.65,3.8,4.75,1.71,3.99,4.96,1.7,3.9,4.5,1.7,3.8,4.75,37,1.75,1.69,4.05,3.85,5,4.76,35,1.84,1.78,2.13,2.01,19,-1,2.35,2.23,1.75,1.66
B1,27/10/18,Cercle Brugge,Kortrijk,,,,,,,2.7,3.4,2.5,2.75,3.7,2.4,2.65,3.4,2.45,2.77,3.57,2.53,2.7,3.4,2.45,2.75,3.5,2.45,37,2.84,2.71,3.7,3.45,2.6,2.47,35,1.81,1.74,2.17,2.05,18,0.25,1.76,1.71,2.23,2.15
B1,27/10/18,Lokeren,Oostende,,,,,,,3,3.4,2.3,3.1,3.4,2.3,2.85,3.4,2.25,2.96,3.59,2.38,2.8,3.5,2.35,2.9,3.6,2.3,36,3.1,2.95,3.65,3.46,2.4,2.3,35,1.8,1.75,2.15,2.05,16,0.25,1.87,1.82,2.06,2.01
B1,27/10/18,St Truiden,Club Brugge,,,,,,,4.33,4,1.72,4.6,3.9,1.75,4.15,3.75,1.75,4.46,3.74,1.82,4,3.9,1.78,4.1,4,1.75,35,4.6,4.3,4.1,3.83,1.83,1.77,31,1.65,1.59,2.38,2.28,17,0.75,1.92,1.84,2.05,1.98
B1,27/10/18,Waregem,Mouscron,,,,,,,1.61,4,5,1.62,4.1,5.25,1.63,4,4.65,1.67,4.1,4.96,1.62,4.2,4.8,1.6,4.2,5,37,1.7,1.64,4.3,4.08,5.25,4.9,32,1.62,1.58,2.45,2.31,20,-1,2.19,2.1,1.82,1.74
B1,28/10/18,Eupen,Anderlecht,,,,,,,4.5,4,1.7,4.1,4.2,1.75,4.15,3.9,1.7,4.3,4.08,1.77,4.2,4,1.73,4.4,4.1,1.7,34,4.5,4.22,4.2,3.99,1.8,1.74,30,1.61,1.53,2.5,2.41,15,0.75,1.97,1.91,1.97,1.92
B1,28/10/18,Standard,Genk,,,,,,,3,3.25,2.37,3,3.6,2.3,2.8,3.5,2.25,2.88,3.72,2.37,2.75,3.6,2.35,2.8,3.7,2.3,35,3,2.86,3.72,3.53,2.4,2.32,31,1.67,1.63,2.32,2.21,17,0.25,1.85,1.8,2.08,2.03
B1,28/10/18,Waasland-Beveren,Antwerp,,,,,,,4.75,3.75,1.72,4.33,3.8,1.8,4.35,3.65,1.73,4.36,3.95,1.79,4.2,3.8,1.75,4.6,3.6,1.75,33,4.75,4.36,3.95,3.74,1.81,1.77,31,2.03,1.95,1.9,1.82,15,0.75,1.85,1.82,2.07,2.01
D1,26/10/18,Freiburg,M'gladbach,,,,,,,3.5,3.6,2,3.4,3.6,2.1,3.4,3.3,2.2,3.62,3.66,2.1,3.3,3.6,2.1,3.5,3.7,2.1,34,3.7,3.5,3.8,3.59,2.2,2.07,32,1.78,1.71,2.23,2.12,13,0.25,2.16,2.1,1.84,1.8
D1,27/10/18,Dortmund,Hertha,,,,,,,1.4,4.75,8,1.42,4.75,7.25,1.45,4.5,7,1.43,4.96,7.49,1.42,4.8,6.5,1.44,5,7.5,37,1.45,1.43,5.25,4.86,8,7.14,34,1.57,1.51,2.65,2.52,20,-1,1.7,1.65,2.38,2.28
D1,27/10/18,Fortuna Dusseldorf,Wolfsburg,,,,,,,3,3.4,2.37,2.95,3.4,2.4,3.1,3.4,2.3,3.18,3.52,2.34,2.9,3.4,2.35,3.1,3.4,2.38,37,3.2,3.07,3.55,3.39,2.45,2.34,35,1.96,1.88,2,1.91,18,0,2.3,2.24,1.74,1.68
D1,27/10/18,Hannover,Augsburg,,,,,,,2.6,3.3,2.75,2.55,3.3,2.8,2.6,3.25,2.75,2.63,3.53,2.77,2.55,3.4,2.7,2.63,3.4,2.7,37,2.65,2.58,3.6,3.39,2.85,2.75,34,1.83,1.77,2.15,2.04,17,-0.25,2.26,2.2,1.75,1.71
D1,27/10/18,Hoffenheim,Stuttgart,,,,,,,1.57,4.33,5.5,1.57,4.6,5,1.65,3.9,5.3,1.59,4.57,5.51,1.57,4.5,5,1.57,4.5,5.5,37,1.65,1.58,4.7,4.42,5.55,5.27,34,1.55,1.49,2.75,2.57,20,-1,2.05,1.94,2,1.91
D1,27/10/18,Mainz,Bayern Munich,,,,,,,11,6.5,1.25,10,6.25,1.26,9.5,5.6,1.3,12.18,6.38,1.26,11,6.5,1.22,13,6.5,1.22,37,13,11.87,6.75,6.16,1.3,1.25,32,1.56,1.5,2.7,2.57,19,2,1.8,1.72,2.23,2.17
D1,28/10/18,Nurnberg,Ein Frankfurt,,,,,,,3.3,3.5,2.14,3.3,3.5,2.15,3.5,3.4,2.1,3.46,3.57,2.19,3.3,3.5,2.1,3.4,3.5,2.15,37,3.5,3.35,3.6,3.48,2.25,2.15,35,1.92,1.84,2.07,1.95,17,0.25,2.05,2.01,1.9,1.86
D1,28/10/18,RB Leipzig,Schalke 04,,,,,,,1.75,3.6,4.75,1.85,3.5,4.4,2,3.5,3.7,1.85,3.8,4.45,1.8,3.75,4.2,1.83,3.8,4.33,37,2,1.83,3.85,3.71,4.75,4.29,35,1.85,1.79,2.12,2.01,19,-1,2.8,2.53,1.6,1.54
D1,28/10/18,Werder Bremen,Leverkusen,,,,,,,2.3,3.4,3.1,2.3,3.6,3,2.3,3.4,3.1,2.3,3.7,3.13,2.25,3.6,3,2.25,3.6,3.1,36,2.35,2.27,3.75,3.57,3.15,3.04,34,1.71,1.66,2.35,2.21,18,0,1.72,1.68,2.31,2.23
D2,26/10/18,Darmstadt,Greuther Furth,,,,,,,2.1,3.25,3.5,2.2,3.2,3.4,2.4,3.2,2.85,2.23,3.37,3.49,2.2,3.3,3.2,2.2,3.4,3.3,34,2.42,2.2,3.44,3.24,3.5,3.33,33,2.11,2.04,1.85,1.75,15,-0.25,1.96,1.89,2,1.94
D2,26/10/18,Magdeburg,Hamburg,,,,,,,3.1,3.4,2.25,3.3,3.25,2.25,3.1,3.3,2.2,3.37,3.31,2.31,3.2,3.3,2.2,3.2,3.4,2.25,33,3.45,3.22,3.55,3.25,2.32,2.25,32,2.07,2,1.93,1.79,14,0.25,1.99,1.9,2,1.92
D2,27/10/18,Erzgebirge Aue,Bielefeld,,,,,,,2.62,3.2,2.75,2.6,3.1,2.85,2.4,3.2,2.85,2.66,3.34,2.81,2.55,3.3,2.7,2.6,3.4,2.7,37,2.71,2.59,3.4,3.23,2.87,2.74,35,2.05,1.98,1.88,1.81,18,0,1.92,1.86,2,1.96
D2,27/10/18,FC Koln,Heidenheim,,,,,,,1.36,5,7.5,1.4,4.75,7.25,1.45,4,7,1.42,4.8,7.69,1.42,4.8,6.5,1.4,5,7.5,36,1.48,1.41,5,4.71,8.03,7.09,32,1.56,1.51,2.65,2.48,18,-1.5,2.19,2.13,1.8,1.74
D2,27/10/18,Paderborn,Sandhausen,,,,,,,2.04,3.4,3.5,2,3.3,3.9,1.9,3.4,3.9,2.1,3.45,3.77,2.05,3.4,3.5,2.1,3.4,3.6,36,2.1,2.03,3.55,3.34,4.11,3.7,34,2.03,1.92,1.95,1.87,16,-0.25,1.8,1.75,2.2,2.11
D2,28/10/18,Ingolstadt,Duisburg,,,,,,,2.1,3.3,3.5,2.15,3.3,3.4,2.15,3.2,3.3,2.2,3.32,3.53,2.1,3.4,3.3,2.1,3.5,3.5,36,2.25,2.15,3.55,3.32,3.53,3.33,34,1.9,1.81,2.05,1.97,16,-0.25,1.9,1.85,2.07,1.98
D2,28/10/18,St Pauli,Holstein Kiel,,,,,,,2.37,3.2,3.1,2.35,3.3,3,2.3,3.3,2.9,2.32,3.48,3.13,2.3,3.3,3,2.45,3.4,2.88,36,2.45,2.31,3.55,3.35,3.16,3,34,1.9,1.82,2.05,1.97,17,0,1.82,1.69,2.29,2.18
D2,28/10/18,Union Berlin,Dresden,,,,,,,1.75,3.75,4.5,1.75,3.75,4.6,1.85,3.45,4,1.78,3.8,4.59,1.75,3.75,4.33,1.75,3.75,4.6,36,1.85,1.76,3.95,3.68,4.75,4.45,34,1.86,1.79,2.07,1.99,16,-0.75,2.03,1.97,1.92,1.86
D2,29/10/18,Bochum,Regensburg,,,,,,,2,3.3,3.75,2.1,3.4,3.5,2.1,3.3,3.3,2.17,3.56,3.39,2.1,3.6,3.2,2.1,3.75,3.2,35,2.2,2.1,3.75,3.51,3.75,3.28,33,1.7,1.64,2.35,2.2,15,0,1.62,1.55,2.5,2.43
E0,27/10/18,Brighton,Wolves,,,,,,,3.2,3.2,2.5,3.1,3.1,2.45,3.1,3.1,2.45,3.27,3.19,2.5,3.2,3,2.4,3.3,3.2,2.45,38,3.3,3.15,3.25,3.13,2.58,2.46,34,2.55,2.38,1.63,1.58,18,0.25,1.85,1.81,2.11,2.07
E0,27/10/18,Fulham,Bournemouth,,,,,,,2.9,3.75,2.4,2.7,3.75,2.4,2.8,3.4,2.5,2.95,3.75,2.42,2.75,3.7,2.4,2.88,3.8,2.4,38,2.95,2.85,3.85,3.69,2.5,2.38,33,1.56,1.53,2.65,2.48,18,0.25,1.85,1.81,2.15,2.08
E0,27/10/18,Leicester,West Ham,,,,,,,2.1,3.5,3.8,2.1,3.4,3.6,2.05,3.4,3.65,2.16,3.45,3.75,2.15,3.4,3.5,2.1,3.5,3.8,38,2.22,2.11,3.55,3.4,3.8,3.64,34,2.05,1.97,1.91,1.84,19,-0.25,1.9,1.82,2.15,2.07
E0,27/10/18,Liverpool,Cardiff,,,,,,,1.11,11,26,1.1,10,23,1.12,9,20,1.11,10.86,27.28,1.08,11,29,1.11,11,29,38,1.13,1.11,11.45,10.13,31,26.13,34,1.4,1.36,3.25,3.09,18,-2.5,2.02,1.92,2.01,1.96
E0,27/10/18,Southampton,Newcastle,,,,,,,2.1,3.4,3.9,2.1,3.25,3.75,2.1,3.2,3.8,2.14,3.37,3.91,2.15,3.25,3.6,2.15,3.25,4,38,2.19,2.11,3.4,3.27,4,3.8,34,2.45,2.31,1.66,1.61,19,-0.25,1.85,1.8,2.16,2.1
E0,27/10/18,Watford,Huddersfield,,,,,,,1.75,3.75,5.25,1.72,3.7,5,1.75,3.6,4.9,1.76,3.74,5.37,1.75,3.6,5,1.8,3.5,5.4,38,1.8,1.75,3.8,3.65,5.5,5.1,34,2.25,2.18,1.75,1.69,20,-1,2.5,2.38,1.66,1.61
E0,28/10/18,Burnley,Chelsea,,,,,,,11,5,1.36,11,4.75,1.33,7.6,4.8,1.4,10.84,4.89,1.37,9.5,4.75,1.36,11.5,5,1.33,37,11.5,10.06,5.1,4.84,1.4,1.36,35,1.85,1.79,2.1,2.02,17,1.5,1.85,1.8,2.14,2.07
E0,28/10/18,Crystal Palace,Arsenal,,,,,,,4.75,4.1,1.75,4.33,3.9,1.78,4.4,3.7,1.8,4.56,4.26,1.76,4.2,4.2,1.75,4.75,4.1,1.73,38,4.75,4.39,4.26,4.07,1.8,1.76,33,1.65,1.6,2.45,2.33,20,1,1.7,1.64,2.38,2.32
E0,28/10/18,Man United,Everton,,,,,,,1.72,3.9,5.25,1.67,3.8,5.25,1.7,3.75,5,1.75,3.91,5.16,1.75,3.8,4.6,1.73,3.9,5.2,38,1.78,1.73,4,3.8,5.32,4.93,34,1.87,1.81,2.1,2.01,20,-1,2.4,2.32,1.7,1.64
E0,29/10/18,Tottenham,Man City,,,,,,,4.75,4.1,1.75,4.33,4.1,1.75,4.3,3.8,1.8,4.76,4.24,1.74,4.4,4.2,1.73,4.8,4.1,1.73,38,4.8,4.51,4.35,4.1,1.8,1.72,32,1.62,1.58,2.55,2.36,19,1,1.75,1.68,2.35,2.24
E1,26/10/18,QPR,Aston Villa,,,,,,,2.62,3.3,2.9,2.7,3.2,2.75,2.55,3.15,2.7,2.63,3.33,2.9,2.55,3.3,2.8,2.6,3.3,2.9,37,2.75,2.59,3.4,3.25,2.96,2.8,34,2.05,1.98,1.91,1.81,19,-0.25,2.28,2.18,1.76,1.7
E1,27/10/18,Birmingham,Sheffield Weds,,,,,,,1.85,3.75,4.5,1.83,3.6,4.25,1.75,3.55,4.4,1.81,3.87,4.63,1.8,3.8,4.33,1.83,3.8,4.6,37,1.87,1.81,3.87,3.63,4.8,4.4,34,2.1,1.99,1.86,1.8,19,-0.75,2.1,2.05,1.85,1.81
E1,27/10/18,Bolton,Hull,,,,,,,2.9,3.3,2.62,2.8,3.25,2.55,2.85,3.1,2.5,3.01,3.22,2.62,2.88,3.25,2.55,3,3.3,2.55,37,3.1,2.89,3.3,3.17,2.75,2.53,33,2.25,2.17,1.75,1.67,19,0.25,1.76,1.71,2.23,2.16
E1,27/10/18,Bristol City,Stoke,,,,,,,2.5,3.4,3,2.4,3.3,2.95,2.4,3.25,2.85,2.56,3.38,2.95,2.5,3.3,2.88,2.55,3.4,2.9,37,2.58,2.45,3.45,3.32,3,2.9,34,2,1.91,1.95,1.87,19,-0.25,2.19,2.11,1.8,1.75
E1,27/10/18,Leeds,Nott'm Forest,,,,,,,1.75,3.9,5,1.72,3.6,5,1.67,3.75,4.75,1.69,4.12,5.1,1.73,4,4.5,1.7,4.1,5,37,1.75,1.7,4.12,3.82,5.25,4.82,34,1.86,1.8,2.1,1.99,19,-0.75,1.95,1.89,2.01,1.95
E1,27/10/18,Middlesbrough,Derby,,,,,,,2.14,3.3,3.9,2.15,3.2,3.6,2.05,3.1,3.7,2.15,3.2,4.05,2.1,3.2,3.8,2.15,3.3,3.9,37,2.18,2.1,3.3,3.2,4.05,3.77,31,2.45,2.31,1.65,1.59,19,-0.25,1.85,1.79,2.12,2.08
E1,27/10/18,Millwall,Ipswich,,,,,,,1.61,4.2,6,1.6,3.9,5.5,1.57,3.85,5.5,1.62,4.24,5.63,1.6,4.2,5.5,1.62,4.1,6,37,1.7,1.6,4.25,3.99,6,5.5,34,2.05,1.97,1.9,1.82,21,-1,2.3,2.1,1.85,1.75
E1,27/10/18,Norwich,Brentford,,,,,,,2.37,3.5,3.1,2.35,3.3,3,2.3,3.35,2.9,2.45,3.5,3.03,2.4,3.5,2.88,2.4,3.6,3,37,2.45,2.35,3.6,3.4,3.2,2.97,34,1.85,1.79,2.08,2,19,-0.25,2.1,2.04,1.86,1.81
E1,27/10/18,Preston,Rotherham,,,,,,,1.66,4,5.75,1.62,3.8,5.5,1.6,3.8,5.1,1.65,4,5.84,1.67,3.9,5.25,1.67,4,5.5,37,1.7,1.64,4.1,3.85,5.84,5.4,34,1.9,1.82,2.05,1.96,21,-1,2.2,2.12,1.8,1.73
E1,27/10/18,Sheffield United,Wigan,,,,,,,1.7,4,5.25,1.67,3.7,5.25,1.63,3.8,4.85,1.68,4.25,5.05,1.65,4.2,5,1.7,4,5.2,37,1.75,1.67,4.25,3.89,5.25,4.95,34,1.9,1.83,2.04,1.95,20,-1,2.35,2.19,1.75,1.69
E1,27/10/18,Swansea,Reading,,,,,,,1.83,3.75,4.75,1.78,3.7,4.4,1.75,3.6,4.35,1.82,3.85,4.59,1.8,3.8,4.33,1.83,3.8,4.5,37,1.85,1.79,3.9,3.7,4.75,4.44,34,1.98,1.9,1.95,1.88,19,-0.75,2.08,2.03,1.9,1.83
E1,27/10/18,West Brom,Blackburn,,,,,,,1.75,3.75,5.25,1.78,3.5,4.75,1.7,3.65,4.65,1.75,3.79,5.16,1.78,3.7,4.6,1.8,3.8,4.75,37,1.8,1.74,3.95,3.68,5.25,4.74,34,1.9,1.83,2.05,1.96,19,-0.75,1.98,1.94,1.95,1.9
E2,27/10/18,Accrington,Portsmouth,,,,,,,3.2,3.4,2.4,2.9,3.25,2.4,3,3.05,2.25,3.21,3.3,2.36,3.1,3.3,2.3,3.2,3.4,2.3,38,3.3,3.07,3.4,3.23,2.4,2.34,34,2.23,2.14,1.73,1.68,19,0.25,1.9,1.83,2.05,1.98
E2,27/10/18,AFC Wimbledon,Luton,,,,,,,3.9,3.5,2.04,3.6,3.4,2,3.55,3.2,1.95,3.74,3.56,2.04,3.7,3.5,1.95,3.8,3.6,2,38,3.9,3.66,3.6,3.4,2.1,2.01,34,2.1,2.04,1.81,1.75,17,0.5,1.87,1.82,2.06,2
E2,27/10/18,Barnsley,Bristol Rvs,,,,,,,1.53,4.33,7,1.5,4.1,6.25,1.43,4,6.2,1.47,4.44,6.95,1.5,4.4,6,1.53,4.4,6.25,38,1.53,1.48,4.6,4.25,7.27,6.48,36,1.82,1.76,2.11,2.03,19,-1,1.88,1.81,2.1,2.01
E2,27/10/18,Burton,Peterboro,,,,,,,2.45,3.7,2.9,2.35,3.4,2.85,2.25,3.3,2.8,2.36,3.6,2.97,2.4,3.6,2.75,2.4,3.7,2.8,38,2.45,2.34,3.7,3.47,3.05,2.85,36,1.83,1.75,2.15,2.05,18,-0.25,2.12,2.03,1.85,1.79
E2,27/10/18,Coventry,Doncaster,,,,,,,2.5,3.4,3,2.4,3.2,2.95,2.3,3.1,2.8,2.43,3.34,3.06,2.4,3.4,2.88,2.45,3.5,2.9,38,2.5,2.39,3.5,3.3,3.06,2.9,36,1.99,1.92,1.91,1.85,19,-0.25,2.12,2.06,1.82,1.77
E2,27/10/18,Fleetwood Town,Blackpool,,,,,,,2.75,3.25,2.8,2.6,3.1,2.75,2.55,2.95,2.65,2.7,3.17,2.85,2.62,3.1,2.8,2.8,3.25,2.63,38,2.8,2.65,3.25,3.11,2.88,2.75,33,2.37,2.21,1.67,1.63,18,-0.25,2.37,2.25,1.68,1.64
E2,27/10/18,Gillingham,Bradford,,,,,,,2.1,3.75,3.5,2.1,3.4,3.3,2,3.35,3.2,2.12,3.63,3.45,2.1,3.6,3.25,2.1,3.75,3.4,37,2.15,2.08,3.75,3.48,3.55,3.34,35,1.87,1.79,2.08,1.99,18,-0.25,1.87,1.82,2.05,2.01
E2,27/10/18,Oxford,Shrewsbury,,,,,,,2.75,3.25,2.8,2.55,3.25,2.7,2.55,3,2.6,2.77,3.23,2.73,2.7,3.2,2.62,2.75,3.3,2.7,38,2.79,2.64,3.3,3.18,2.85,2.68,34,2.27,2.14,1.73,1.67,17,-0.25,2.34,2.26,1.7,1.63
E2,27/10/18,Rochdale,Charlton,,,,,,,2.45,3.7,2.87,2.4,3.4,2.8,2.35,3.25,2.65,2.45,3.57,2.87,2.35,3.6,2.8,2.4,3.7,2.88,38,2.55,2.41,3.7,3.43,2.95,2.79,36,1.8,1.76,2.14,2.03,18,-0.25,2.16,2.08,1.82,1.74
E2,27/10/18,Scunthorpe,Plymouth,,,,,,,2.14,3.6,3.6,1.95,3.4,3.75,2,3.3,3.3,2.12,3.47,3.58,2.1,3.5,3.4,2.15,3.6,3.4,38,2.15,2.06,3.65,3.47,3.75,3.44,36,1.8,1.77,2.13,2.02,17,-0.25,1.85,1.79,2.1,2.02
E2,27/10/18,Sunderland,Southend,,,,,,,2.04,3.5,4,1.9,3.4,4,1.93,3.2,3.55,2.05,3.42,3.87,2.05,3.4,3.6,2.05,3.5,3.75,38,2.05,1.99,3.55,3.38,4,3.76,36,2.05,1.99,1.85,1.79,17,-0.5,2.06,1.99,1.87,1.83
E2,27/10/18,Walsall,Wycombe,,,,,,,2.4,3.5,3.1,2.3,3.3,3,2.25,3.15,2.85,2.38,3.46,3.04,2.38,3.4,2.9,2.4,3.5,3,38,2.43,2.34,3.5,3.35,3.2,2.97,34,2.04,1.96,1.88,1.81,19,-0.25,2.09,2.02,1.85,1.8
E3,27/10/18,Cambridge,Macclesfield,,,,,,,1.64,4.2,5.5,1.63,3.8,5,1.57,3.8,4.75,1.63,4.28,5.11,1.65,4.2,4.75,1.67,4.3,5,38,1.69,1.63,4.3,3.95,5.5,4.98,36,1.85,1.77,2.08,2,18,-0.75,1.87,1.8,2.1,1.99
E3,27/10/18,Carlisle,Yeovil,,,,,,,2.25,3.5,3.4,2.1,3.3,3.4,2.1,3.1,3.2,2.26,3.32,3.4,2.25,3.3,3.2,2.25,3.5,3.3,38,2.3,2.17,3.5,3.26,3.5,3.31,36,2.11,2.02,1.82,1.76,17,-0.25,1.95,1.87,1.95,1.91
E3,27/10/18,Cheltenham,Stevenage,,,,,,,2.62,3.4,2.87,2.5,3.4,2.65,2.45,3.1,2.6,2.64,3.38,2.76,2.55,3.3,2.75,2.63,3.4,2.8,38,2.7,2.56,3.6,3.27,2.87,2.68,36,2.1,2.03,1.82,1.75,17,-0.25,2.26,2.19,1.72,1.65
E3,27/10/18,Colchester,Lincoln,,,,,,,3,3.4,2.5,2.75,3.4,2.4,2.7,3.05,2.4,2.94,3.31,2.53,2.8,3.3,2.5,2.9,3.4,2.55,38,3,2.82,3.4,3.23,2.6,2.45,36,2.13,2.02,1.81,1.75,17,0.25,1.78,1.71,2.2,2.11
E3,27/10/18,Crewe,Grimsby,,,,,,,2.25,3.5,3.4,2.1,3.4,3.3,2.1,3.15,3.2,2.21,3.46,3.37,2.15,3.4,3.3,2.2,3.5,3.4,38,2.25,2.16,3.5,3.34,3.5,3.28,36,2.11,2.01,1.84,1.77,18,-0.25,1.91,1.85,2.03,1.94
E3,27/10/18,Exeter,Forest Green,,,,,,,2.3,3.6,3.25,2.25,3.4,3,2.15,3.3,2.9,2.29,3.76,2.99,2.2,3.7,3,2.3,3.6,3.1,38,2.35,2.24,3.76,3.47,3.25,3.01,36,2.01,1.93,1.91,1.84,19,-0.25,2.02,1.94,1.95,1.86
E3,27/10/18,Mansfield,Milton Keynes Dons,,,,,,,2.3,3.6,3.2,2.3,3.3,3,2.15,3.2,2.95,2.32,3.47,3.13,2.25,3.5,3,2.3,3.6,3.13,38,2.35,2.25,3.6,3.34,3.25,3.06,36,2.01,1.94,1.9,1.82,19,-0.25,2,1.94,1.93,1.86
E3,27/10/18,Newport County,Morecambe,,,,,,,1.95,3.6,4.2,1.9,3.5,3.9,1.83,3.4,3.7,1.91,3.68,4.08,1.91,3.6,3.8,1.95,3.7,3.9,38,1.95,1.89,3.75,3.53,4.2,3.86,36,1.92,1.85,2,1.91,17,-0.5,1.96,1.9,1.97,1.91
E3,27/10/18,Northampton,Oldham,,,,,,,2.3,3.6,3.2,2.2,3.4,3.1,2.2,3.2,2.9,2.3,3.46,3.19,2.25,3.5,3,2.25,3.6,3.2,38,2.4,2.25,3.6,3.35,3.2,3.05,36,2,1.94,1.91,1.83,17,-0.25,2,1.93,1.95,1.85
E3,27/10/18,Notts County,Swindon,,,,,,,2.62,3.5,2.8,2.45,3.25,2.8,2.35,3.2,2.7,2.44,3.46,2.96,2.55,3.4,2.7,2.55,3.5,2.8,38,2.62,2.43,3.5,3.33,2.96,2.79,36,1.94,1.86,2,1.91,18,-0.25,2.2,2.11,1.8,1.71
E3,27/10/18,Port Vale,Bury,,,,,,,4,3.75,1.95,3.7,3.5,1.95,3.65,3.35,1.87,3.87,3.7,1.95,3.7,3.6,1.95,3.9,3.75,1.95,38,4.05,3.77,3.75,3.51,2.01,1.92,36,2.03,1.93,1.91,1.84,18,0.25,2.28,2.18,1.73,1.66
E3,27/10/18,Tranmere,Crawley Town,,,,,,,2.1,3.6,3.75,1.95,3.5,3.7,2,3.3,3.45,2.09,3.51,3.65,2.1,3.5,3.3,2.15,3.6,3.4,38,2.15,2.05,3.6,3.4,3.75,3.49,36,2.04,1.93,1.91,1.83,17,-0.5,2.14,2.05,1.85,1.77
EC,27/10/18,Barrow,Barnet,,,,,,,2.87,3.25,2.45,2.75,3.1,2.45,2.75,3.1,2.45,2.82,3.33,2.62,2.8,3.25,2.5,2.8,3.25,2.55,35,2.95,2.74,3.33,3.17,2.62,2.46,31,2.2,2.08,1.75,1.69,15,0,2.06,1.97,1.86,1.8
EC,27/10/18,Boreham Wood,Bromley,,,,,,,1.95,3.4,3.8,1.95,3.3,3.6,1.9,3.3,3.6,2,3.55,3.89,2,3.5,3.6,2,3.5,3.75,34,2.05,1.95,3.6,3.35,3.95,3.6,32,2,1.89,1.9,1.84,13,-0.5,2.02,1.94,1.88,1.82
EC,27/10/18,Braintree Town,Dover Athletic,,,,,,,2.8,3.3,2.5,2.85,3.2,2.35,2.65,3.2,2.4,2.77,3.44,2.6,2.7,3.4,2.5,2.7,3.4,2.55,35,2.9,2.71,3.5,3.26,2.6,2.44,33,1.98,1.86,1.99,1.88,14,0,2.02,1.95,1.88,1.8
EC,27/10/18,Chesterfield,Wrexham,,,,,,,2.5,3.3,2.75,2.45,3.2,2.7,2.5,2.95,2.75,2.66,3.15,2.92,2.55,3.2,2.75,2.6,3.13,2.8,35,2.7,2.5,3.3,3.1,2.95,2.75,31,2.38,2.25,1.65,1.59,15,0,1.92,1.8,2.07,1.97
EC,27/10/18,Dag and Red,Harrogate,,,,,,,4,3.6,1.85,3.7,3.4,1.91,3.75,3.45,1.85,4.04,3.71,1.91,3.9,3.6,1.88,4,3.6,1.87,34,4.1,3.79,3.75,3.48,1.95,1.87,32,1.93,1.82,2.05,1.92,13,0.5,1.99,1.9,1.91,1.86
EC,27/10/18,Gateshead,Aldershot,,,,,,,2.04,3.4,3.5,1.95,3.3,3.6,2,3.2,3.5,2.1,3.45,3.66,2.15,3.4,3.3,2.1,3.3,3.6,35,2.15,2.02,3.5,3.3,3.75,3.48,31,2.2,2.1,1.75,1.68,13,-0.25,1.82,1.74,2.17,2.01
EC,27/10/18,Halifax,Eastleigh,,,,,,,2.45,3.25,2.87,2.35,3.2,2.85,2.45,3.05,2.75,2.58,3.25,2.92,2.5,3.25,2.8,2.5,3.3,2.8,35,2.6,2.44,3.3,3.16,2.95,2.79,31,2.2,2.08,1.75,1.69,15,0,1.83,1.76,2.08,2.01
EC,27/10/18,Hartlepool,Sutton,,,,,,,2.54,3.3,2.7,2.45,3.25,2.7,2.5,3.1,2.65,2.65,3.32,2.79,2.6,3.25,2.7,2.55,3.25,2.75,34,2.7,2.5,3.35,3.18,2.85,2.69,31,2.25,2.1,1.75,1.68,14,0,1.89,1.82,2.02,1.94
EC,27/10/18,Leyton Orient,Havant & Waterlooville,,,,,,,1.5,4,7,1.55,3.7,5.75,1.5,3.95,5.75,1.51,4.35,6.54,1.52,4.2,6,1.5,4.2,6.5,32,1.55,1.51,4.35,3.95,7,5.91,31,1.88,1.81,2.07,1.94,15,-1,1.95,1.86,1.97,1.9
EC,27/10/18,Maidenhead,Fylde,,,,,,,3.25,3.5,2.1,3,3.4,2.15,3.15,3.3,2.1,3.44,3.54,2.15,3.2,3.5,2.15,3.25,3.5,2.15,35,3.44,3.15,3.55,3.38,2.2,2.11,34,2,1.85,1.97,1.88,15,0.25,2.03,1.93,1.91,1.84
EC,27/10/18,Maidstone,Solihull,,,,,,,3.8,3.4,2,3.5,3.3,2,3.65,3.3,1.9,3.97,3.44,2.02,3.7,3.4,2,3.9,3.4,1.95,35,4,3.65,3.55,3.32,2.05,1.96,32,2.15,2.01,1.83,1.74,14,0.5,1.91,1.81,2.05,1.96
EC,27/10/18,Salford,Ebbsfleet,,,,,,,1.8,3.6,4.33,1.75,3.5,4.33,1.7,3.55,4.25,1.78,3.73,4.69,1.75,3.7,4.33,1.8,3.75,4.2,34,1.84,1.75,3.85,3.56,5,4.25,33,1.91,1.79,2.06,1.95,13,-0.5,1.82,1.75,2.12,2
F1,26/10/18,Nimes,St Etienne,,,,,,,2.62,3.3,2.7,2.7,3.3,2.65,2.65,3.3,2.7,2.74,3.38,2.75,2.62,3.3,2.62,2.7,3.3,2.75,35,2.8,2.68,3.4,3.29,2.8,2.68,32,2.06,2,1.88,1.79,16,-0.25,2.36,2.3,1.7,1.66
F1,27/10/18,Amiens,Nantes,,,,,,,3,3.2,2.5,3,3,2.6,3,3.1,2.55,3.07,3.23,2.57,3,3.1,2.45,3.1,3.1,2.55,37,3.12,2.99,3.23,3.12,2.6,2.53,34,2.5,2.37,1.62,1.58,17,0.25,1.77,1.74,2.2,2.15
F1,27/10/18,Angers,Lyon,,,,,,,3.8,3.6,1.95,4,3.75,1.87,3.85,3.6,1.95,4.08,3.59,1.99,3.6,3.6,2,4,3.7,1.93,38,4.1,3.89,3.75,3.58,2,1.95,36,1.8,1.76,2.15,2.06,17,0.25,2.28,2.22,1.75,1.7
F1,27/10/18,Guingamp,Strasbourg,,,,,,,2.37,3.2,3.2,2.3,3.2,3.3,2.25,3.25,3.3,2.3,3.4,3.36,2.25,3.3,3.2,2.25,3.3,3.4,37,2.37,2.26,3.4,3.27,3.45,3.27,34,2.3,2.18,1.75,1.67,17,-0.25,2,1.95,1.95,1.92
F1,27/10/18,Lille,Caen,,,,,,,1.5,4,7.5,1.48,4.1,7.5,1.5,4.2,7.1,1.5,4.21,7.84,1.5,4,7,1.5,4.1,7.5,38,1.55,1.49,4.35,4.11,8,7.24,36,2.11,2.03,1.85,1.78,20,-1,1.89,1.85,2.05,1.99
F1,27/10/18,Monaco,Dijon,,,,,,,1.66,4,5,1.7,3.8,5,1.7,4,4.75,1.71,4.24,4.83,1.67,4.2,4.6,1.67,4,5.25,38,1.75,1.69,4.24,3.99,5.25,4.78,36,1.8,1.72,2.2,2.11,20,-1,2.33,2.21,1.75,1.69
F1,27/10/18,Toulouse,Montpellier,,,,,,,2.8,3.1,2.7,2.75,3,2.8,2.85,3,2.7,2.93,3.09,2.78,2.88,3,2.62,2.9,3,2.75,38,2.95,2.83,3.2,3.03,2.85,2.71,34,2.65,2.51,2.75,2.58,17,0,2.02,1.97,2,1.88
F1,28/10/18,Bordeaux,Nice,,,,,,,2.3,3.3,3.25,2.25,3.3,3.3,2.3,3.2,3.25,2.37,3.29,3.35,2.3,3.2,3.2,2.3,3.25,3.4,38,2.4,2.3,3.35,3.22,3.45,3.24,33,2.35,2.24,1.7,1.64,17,-0.25,2.02,1.98,1.91,1.88
F1,28/10/18,Marseille,Paris SG,,,,,,,6,5,1.44,6,4.75,1.48,5.9,4.95,1.47,5.95,5.21,1.49,6,4.8,1.47,7,5,1.44,38,7,5.99,5.25,4.92,1.51,1.46,32,1.45,1.4,3.05,2.86,19,1,2.26,2.19,1.75,1.7
F1,28/10/18,Rennes,Reims,,,,,,,1.7,3.4,5.75,1.72,3.4,5.75,1.7,3.6,5.2,1.74,3.73,5.41,1.73,3.7,4.8,1.73,3.6,5.4,38,1.8,1.73,3.75,3.56,5.75,5.11,34,2.25,2.18,1.75,1.67,18,-1,2.51,2.4,1.65,1.59
F2,26/10/18,Ajaccio GFCO,Beziers,,,,,,,2.3,3.1,3.25,2.4,2.95,3.1,2.3,3,3.2,2.45,3.09,3.35,2.4,3,3.2,2.4,3,3.25,37,2.45,2.35,3.25,3.02,3.37,3.18,33,2.43,2.28,1.7,1.59,18,0,1.69,1.65,2.33,2.24
F2,26/10/18,Auxerre,Paris FC,,,,,,,2.04,3,4.2,2.1,2.85,4,2.05,2.95,3.85,2.15,3.09,4.08,2.15,3,3.75,2.15,2.9,4,37,2.23,2.1,3.25,2.99,4.5,3.83,33,2.7,2.59,1.55,1.47,17,-0.25,1.88,1.8,2.1,2.03
F2,26/10/18,Chateauroux,Ajaccio,,,,,,,2.5,3.1,3,2.4,2.9,3.1,2.5,2.9,2.9,2.61,3.08,3.1,2.6,3,2.9,2.6,3,3,37,2.66,2.51,3.1,2.97,3.2,2.97,33,2.5,2.34,1.65,1.56,18,0,1.83,1.77,2.2,2.06
F2,26/10/18,Grenoble,Troyes,,,,,,,2,3,4.33,2.05,3,3.8,2,3.1,3.85,2.07,3.25,4.15,2.1,3.2,3.7,2,3.2,4.1,37,2.11,2.05,3.27,3.13,4.4,3.85,33,2.37,2.27,1.7,1.6,17,-0.25,1.8,1.75,2.18,2.09
F2,26/10/18,Lorient,Metz,,,,,,,2.62,3.1,2.75,2.6,3,2.75,2.55,3.1,2.7,2.67,3.22,2.9,2.55,3.2,2.8,2.6,3.1,2.88,37,2.7,2.58,3.35,3.09,2.95,2.78,36,2.17,2.1,1.8,1.71,18,0,1.9,1.83,2.06,1.99
F2,26/10/18,Red Star,Orleans,,,,,,,2.75,2.87,2.87,2.8,2.7,2.85,2.7,2.85,2.8,2.8,2.95,2.98,2.75,2.9,2.88,2.75,2.9,2.88,37,2.95,2.72,3,2.88,2.98,2.81,33,2.63,2.51,1.57,1.5,18,0,1.93,1.88,2.01,1.94
F2,26/10/18,Sochaux,Niort,,,,,,,1.8,3.3,4.75,1.83,3.3,4.4,1.8,3.3,4.4,1.91,3.4,4.65,1.88,3.4,4.33,1.85,3.3,4.75,37,1.92,1.86,3.52,3.32,4.75,4.39,36,2.25,2.14,1.8,1.68,16,-0.5,1.92,1.86,2.07,1.98
F2,26/10/18,Valenciennes,Nancy,,,,,,,2.37,3,3.25,2.25,3,3.3,2.3,3.05,3.1,2.43,3.08,3.4,2.4,3.1,3.1,2.38,3.1,3.2,37,2.43,2.32,3.25,3.07,3.6,3.21,36,2.19,2.1,1.83,1.7,17,0,1.68,1.63,2.45,2.28
F2,27/10/18,Le Havre,Lens,,,,,,,2.7,2.9,2.9,2.65,2.8,2.9,2.65,2.9,2.8,2.84,2.84,3.01,2.7,2.9,2.88,2.7,3,2.88,37,2.85,2.68,3,2.88,3.01,2.84,33,2.55,2.38,1.6,1.55,18,0,1.91,1.86,2.01,1.95
F2,29/10/18,Clermont,Brest,,,,,,,2.5,3.1,2.9,2.35,3.1,3,2.5,3.1,2.8,2.67,3.1,2.94,2.55,3.1,2.88,2.55,3.13,2.9,36,2.67,2.49,3.3,3.08,3,2.86,34,2.15,2.03,1.8,1.74,16,-0.25,2.24,2.15,1.75,1.7
G1,27/10/18,Lamia,Levadeiakos,,,,,,,2.1,3,4,2.2,3,3.8,2.1,2.85,3.65,2.23,3.07,3.78,2.1,3,3.75,2.05,3,3.8,35,2.25,2.14,3.1,2.95,4,3.7,32,2.9,2.7,2.45,1.42,16,-0.25,1.88,1.8,2.11,2
G1,27/10/18,Larisa,OFI Crete,,,,,,,2.1,3,4,2.1,3.1,4,2.05,2.9,3.75,2.17,3.04,4.04,2.15,3,3.7,2.1,3,3.7,30,2.25,2.11,3.1,2.96,4.1,3.77,27,2.8,2.64,1.5,1.44,14,-0.25,1.88,1.81,2.07,1.99
G1,28/10/18,AEK,Aris,,,,,,,1.53,3.75,7,1.57,3.9,6.5,1.5,3.6,6.5,,,,1.52,3.8,6.5,1.5,3.7,7,39,1.57,1.52,3.9,3.73,7.2,6.63,29,2.45,2.35,1.6,1.55,18,-1,2.02,1.97,1.9,1.86
G1,28/10/18,Panetolikos,Asteras Tripolis,,,,,,,2.75,2.8,2.9,2.75,3,2.85,2.7,2.7,2.8,2.85,2.88,2.96,2.7,2.9,2.8,2.63,2.9,2.8,35,2.9,2.7,3.05,2.83,3,2.81,32,2.88,2.71,1.45,1.42,16,0,1.92,1.85,2.02,1.94
G1,28/10/18,Panionios,Atromitos,,,,,,,2.75,2.87,2.8,2.7,3,2.85,2.75,2.8,2.65,2.89,2.96,2.83,2.8,2.9,2.7,2.75,2.9,2.7,35,3,2.75,3,2.86,2.85,2.71,32,2.85,2.64,1.5,1.44,16,0,2,1.91,1.96,1.88
G1,29/10/18,Olympiakos,Apollon,,,,,,,1.1,9,23,1.1,10,26,1.1,7,21,1.11,9.02,28.76,1.08,9,26,1.08,8.5,26,31,1.14,1.09,10,8.32,31,22.82,28,1.6,1.53,2.5,2.38,16,-2.25,1.92,1.86,2.03,1.93
G1,29/10/18,PAOK,Panathinaikos,,,,,,,1.44,4,8.5,1.44,4.5,7.75,1.4,3.95,7.5,1.44,4.23,8.57,1.42,4.2,7.5,1.44,4.1,7.5,37,1.49,1.44,4.5,4.07,8.57,7.51,26,2.19,2.1,1.79,1.7,19,-1.25,2.2,2.13,1.8,1.73
G1,29/10/18,Xanthi,Giannina,,,,,,,2,3,4.33,2.1,3.1,4,1.95,2.95,4.05,2.06,3.13,4.28,2,3.1,4,1.95,3.1,4.1,32,2.1,1.99,3.2,3.05,4.45,4.01,29,2.75,2.58,1.5,1.46,14,-0.5,2.05,1.98,1.9,1.83
I1,27/10/18,Atalanta,Parma,,,,,,,1.33,5.25,9,1.36,5.25,7.75,1.45,4.5,7,1.36,5.37,8.84,1.35,5.25,8.5,1.33,5.25,8,38,1.45,1.36,5.5,5.14,9.17,8.5,36,1.7,1.65,2.31,2.22,18,-1.5,2.07,2.02,1.9,1.85
I1,27/10/18,Empoli,Juventus,,,,,,,12,5.75,1.25,11,6,1.26,11,6.1,1.25,11.67,5.58,1.3,10,5.8,1.29,12,5.75,1.29,38,12.6,11.06,6.1,5.6,1.3,1.28,35,1.7,1.64,2.33,2.23,18,1.5,2.1,1.99,1.93,1.88
I1,27/10/18,Torino,Fiorentina,,,,,,,2.4,3.25,3.1,2.5,3.3,2.9,2.4,3.3,3,2.47,3.35,3.1,2.45,3.25,3,2.5,3.2,3.1,38,2.52,2.43,3.35,3.26,3.15,3.01,35,2.1,2.01,1.85,1.8,17,-0.25,2.14,2.08,1.85,1.8
I1,28/10/18,Cagliari,Chievo,,,,,,,1.61,3.8,6,1.67,3.75,5.5,1.65,3.8,5.4,1.64,3.96,5.95,1.65,3.8,5.5,1.62,3.7,6.25,38,1.7,1.64,4.05,3.78,6.25,5.71,35,2.2,2.07,1.85,1.75,20,-1,2.26,2.17,1.8,1.72
I1,28/10/18,Genoa,Udinese,,,,,,,2.1,3.2,3.8,2.15,3.1,3.75,2.1,3.25,3.75,2.14,3.36,3.84,2.1,3.25,3.75,2.1,3.2,4,38,2.16,2.1,3.37,3.25,4,3.74,35,2.31,2.22,1.7,1.64,17,-0.25,1.85,1.79,2.14,2.08
I1,28/10/18,Milan,Sampdoria,,,,,,,1.5,4.33,6.5,1.53,4.33,6,1.55,4.25,5.8,1.57,4.2,6.41,1.6,4.2,5.5,1.53,4.2,6.5,37,1.6,1.55,4.45,4.19,6.5,5.93,35,1.75,1.69,2.25,2.15,19,-1,1.99,1.94,1.96,1.92
I1,28/10/18,Napoli,Roma,,,,,,,1.72,3.75,4.75,1.78,3.7,4.6,1.8,3.7,4.4,1.78,4.01,4.62,1.78,3.9,4.33,1.75,3.8,4.8,38,1.82,1.76,4.03,3.85,5,4.48,35,1.7,1.66,2.3,2.2,20,-1,2.41,2.34,1.7,1.63
I1,28/10/18,Sassuolo,Bologna,,,,,,,1.9,3.25,4.5,1.91,3.4,4.25,2,3.4,3.8,1.95,3.39,4.57,1.95,3.3,4.2,1.95,3.25,4.6,38,2,1.94,3.45,3.32,4.6,4.33,35,2.3,2.18,1.72,1.67,17,-1,2.96,2.85,1.5,1.44
I1,28/10/18,Spal,Frosinone,,,,,,,1.8,3.75,4.5,1.8,3.5,4.75,1.77,3.55,4.95,1.77,3.65,5.29,1.78,3.6,4.75,1.75,3.5,5.25,38,1.8,1.76,3.75,3.54,5.35,5.01,35,2.25,2.14,1.75,1.69,19,-1,2.6,2.45,1.62,1.57
I1,29/10/18,Lazio,Inter,,,,,,,2.4,3.4,3,2.35,3.5,2.95,2.35,3.45,3,2.41,3.46,3.12,2.4,3.4,2.9,2.4,3.3,3.1,37,2.42,2.36,3.55,3.4,3.15,3.01,34,1.85,1.78,2.1,2.01,16,0,1.75,1.7,2.26,2.2
I2,26/10/18,Palermo,Venezia,,,,,,,1.66,3.5,5.5,1.75,3.5,5,1.65,3.45,5.25,1.7,3.55,6.04,1.65,3.4,5.8,1.65,3.5,6.25,37,1.75,1.69,3.65,3.44,6.25,5.33,34,2.24,2.15,1.8,1.67,16,-0.5,1.73,1.69,2.27,2.2
I2,27/10/18,Benevento,Cremonese,,,,,,,1.8,3.25,5,1.87,3.1,5,1.8,3.3,4.5,1.83,3.36,5.05,1.88,3.25,4.33,1.87,3.3,4.75,37,1.9,1.84,3.55,3.23,5.05,4.54,36,2.2,2.06,1.8,1.73,16,-0.75,2.19,2.11,1.8,1.73
I2,27/10/18,Brescia,Cosenza,,,,,,,1.9,3.3,4.2,1.9,3.2,4.6,1.9,3.25,4.1,1.94,3.24,4.62,1.95,3.25,4,1.91,3.3,4.5,37,1.96,1.9,3.5,3.24,5.2,4.26,36,2.1,2.02,1.85,1.76,15,-0.5,1.96,1.91,1.97,1.91
I2,27/10/18,Foggia,Lecce,,,,,,,2.04,3.2,3.8,2.1,3.2,3.7,2.1,3.25,3.4,2.18,3.25,3.67,2.1,3.3,3.4,2.15,3.3,3.6,37,2.2,2.11,3.5,3.22,3.8,3.48,34,1.95,1.88,2,1.88,16,-0.25,1.87,1.81,2.07,2
I2,27/10/18,Livorno,Ascoli,,,,,,,2.5,3,3,2.65,2.95,2.95,2.5,2.95,2.9,2.64,2.93,3.16,2.55,2.9,3,2.6,3,3,36,2.65,2.53,3.15,2.93,3.16,2.97,32,2.35,2.25,1.7,1.61,16,0,1.81,1.76,2.13,2.08
I2,27/10/18,Padova,Spezia,,,,,,,2.5,3,3.1,2.4,2.95,3.25,2.4,3,3.05,2.53,2.99,3.25,2.6,2.9,2.9,2.45,3,3.2,37,2.6,2.45,3.15,2.96,3.25,3.07,32,2.35,2.25,1.65,1.6,16,-0.25,2.13,2.08,1.8,1.75
I2,27/10/18,Pescara,Cittadella,,,,,,,2.1,3.25,3.5,2.1,3.1,3.9,2.15,3.15,3.4,2.27,3.05,3.72,2,3.2,3.75,2.2,3.25,3.5,37,2.27,2.14,3.35,3.12,3.9,3.52,34,2.05,1.94,1.9,1.83,17,-0.25,1.91,1.85,2.03,1.96
I2,27/10/18,Verona,Perugia,,,,,,,1.8,3.3,5,1.9,3.1,4.75,1.85,3.25,4.3,1.92,3.26,4.72,1.85,3.3,4.33,1.85,3.3,4.8,37,1.95,1.87,3.45,3.22,5,4.46,35,2.25,2.15,1.75,1.67,17,-0.75,2.28,2.16,1.75,1.69
I2,28/10/18,Crotone,Salernitana,,,,,,,2,3.3,3.75,1.95,3.2,4.2,1.95,3.2,4.05,2.02,3.1,4.5,2.05,3.2,3.7,2,3.2,4.2,36,2.05,1.96,3.4,3.16,4.5,4.01,34,2.2,2.09,1.8,1.71,15,-0.25,1.72,1.69,2.25,2.16
N1,26/10/18,FC Emmen,VVV Venlo,,,,,,,2.8,3.4,2.4,2.85,3.4,2.45,2.75,3.25,2.45,2.92,3.44,2.51,2.75,3.4,2.45,2.8,3.4,2.5,37,3.02,2.83,3.5,3.34,2.55,2.46,34,2.01,1.91,1.95,1.88,17,0.25,1.77,1.74,2.2,2.12
N1,27/10/18,Den Haag,NAC Breda,,,,,,,1.72,3.8,4.5,1.78,3.9,4.33,1.75,3.7,4.2,1.81,3.83,4.38,1.75,3.8,4.2,1.75,3.9,4.5,37,1.85,1.78,3.95,3.8,4.51,4.31,35,1.78,1.71,2.25,2.11,17,-0.75,2.04,1.98,1.91,1.86
N1,27/10/18,Graafschap,Excelsior,,,,,,,2.6,3.6,2.5,2.55,3.6,2.65,2.55,3.5,2.5,2.63,3.65,2.61,2.5,3.6,2.55,2.6,3.6,2.6,37,2.85,2.58,3.7,3.55,2.65,2.56,33,1.7,1.63,2.35,2.24,17,0.25,1.72,1.67,2.29,2.22
N1,27/10/18,Groningen,PSV Eindhoven,,,,,,,9,5.75,1.28,10,5.5,1.3,8,5.2,1.31,9.21,5.4,1.32,8,5.5,1.32,9.5,5.5,1.3,37,10.02,8.88,5.75,5.35,1.35,1.31,32,1.51,1.46,2.88,2.63,18,1.5,2,1.95,1.95,1.9
N1,27/10/18,Zwolle,Heracles ,,,,,,,2.1,3.6,3.2,2.25,3.7,3,2.15,3.6,2.95,2.26,3.61,3.14,2.2,3.6,3,2.2,3.8,3,37,2.3,2.19,3.85,3.67,3.2,3.05,32,1.56,1.52,2.6,2.46,18,0,1.68,1.64,2.5,2.31
N1,28/10/18,Ajax,Feyenoord,,,,,,,1.4,5,6.5,1.42,5.25,6.5,1.41,4.8,6.1,1.44,5.2,6.17,1.4,5,6.5,1.4,5,7.5,36,1.46,1.42,5.4,5.02,7.5,6.45,33,1.5,1.43,2.88,2.7,17,-1,1.7,1.65,2.35,2.27
N1,28/10/18,AZ Alkmaar,Heerenveen,,,,,,,1.44,4.75,6,1.5,4.75,5.75,1.48,4.65,5.3,1.52,4.85,5.45,1.5,4.6,5.5,1.45,4.8,6.25,36,1.6,1.49,5,4.71,6.25,5.58,34,1.45,1.4,3.05,2.84,18,-1,1.86,1.77,2.16,2.08
N1,28/10/18,Vitesse,For Sittard,,,,,,,1.44,4.5,6.5,1.48,4.5,6.5,1.46,4.45,5.7,1.49,4.51,6.43,1.47,4.5,5.8,1.45,4.6,7,36,1.6,1.47,4.85,4.48,7,6.23,32,1.55,1.5,2.7,2.5,18,-1,1.86,1.76,2.18,2.09
N1,28/10/18,Willem II,Utrecht,,,,,,,2.8,3.25,2.5,2.65,3.4,2.65,2.7,3.35,2.45,2.83,3.47,2.53,2.62,3.4,2.5,2.7,3.5,2.55,36,2.88,2.71,3.55,3.4,2.8,2.52,33,1.84,1.77,2.1,2.01,17,0.25,1.75,1.7,2.25,2.17
P1,26/10/18,Guimaraes,Sp Braga,,,,,,,3.25,3.4,2.14,3.4,3.3,2.1,3.05,3.3,2.2,3.27,3.51,2.3,3.2,3.4,2.2,3.3,3.4,2.2,37,3.4,3.17,3.51,3.34,2.35,2.23,35,1.98,1.89,1.98,1.89,18,0,2.41,2.3,1.67,1.62
P1,26/10/18,Nacional,Portimonense,,,,,,,2.62,3.4,2.6,2.7,3.25,2.55,2.55,3.45,2.5,2.67,3.68,2.64,2.55,3.6,2.55,2.6,3.6,2.6,38,2.75,2.61,3.68,3.48,2.7,2.56,35,1.72,1.66,2.3,2.18,18,0,1.97,1.92,1.95,1.9
P1,27/10/18,Aves,Santa Clara,,,,,,,2.1,3.3,3.5,2.1,3.3,3.4,2.15,3.15,3.35,2.28,3.29,3.46,2.25,3.25,3.25,2.25,3.3,3.3,38,2.28,2.19,3.35,3.23,3.58,3.35,36,2.2,2.09,1.77,1.72,18,-0.25,1.97,1.9,1.98,1.92
P1,27/10/18,Belenenses,Benfica,,,,,,,7.5,5,1.36,9.25,4.75,1.33,8,4.7,1.35,10.77,5.13,1.32,10,5.25,1.3,10.5,5,1.33,38,11.75,10.13,5.25,4.89,1.36,1.31,35,2,1.93,1.92,1.86,19,1.5,1.92,1.84,2.05,1.98
P1,27/10/18,Rio Ave,Chaves,,,,,,,1.95,3.5,3.75,1.95,3.4,3.8,1.9,3.5,3.65,1.99,3.69,3.84,1.95,3.6,3.7,1.95,3.6,3.9,38,2,1.94,3.75,3.56,3.92,3.7,35,1.9,1.8,2.06,1.98,18,-0.25,1.72,1.68,2.31,2.19
P1,28/10/18,Moreirense,Maritimo,,,,,,,2.3,3.3,3.1,2.35,3.2,3,2.35,3.05,3.1,2.41,3.32,3.19,2.35,3.25,3.1,2.3,3.25,3.2,35,2.45,2.34,3.32,3.18,3.3,3.06,31,2.3,2.21,1.7,1.63,17,0,1.72,1.68,2.28,2.19
P1,28/10/18,Porto,Feirense,,,,,,,1.14,7.5,17,1.12,8,20,1.15,7,15,1.12,9.35,24.03,1.1,9,26,1.1,9,34,37,1.15,1.11,9.75,8.3,34,22.81,33,1.5,1.46,2.75,2.61,18,-2.5,2.12,2.06,1.83,1.77
P1,28/10/18,Sp Lisbon,Boavista,,,,,,,1.3,5.25,9.5,1.3,5.25,8.75,1.35,4.6,8.2,1.33,5.18,10.37,1.33,5,9,1.33,5,10,37,1.4,1.33,5.25,4.89,11,9.31,35,1.85,1.78,2.11,2,18,-1.5,2.11,2.05,1.83,1.78
P1,28/10/18,Tondela,Setubal,,,,,,,2.3,3.1,3.2,2.35,3,3.2,2.35,2.95,3.15,2.5,2.94,3.43,2.4,3,3.2,2.38,3.13,3.25,37,2.5,2.37,3.15,3,3.43,3.2,33,2.47,2.33,1.65,1.57,17,-0.25,2.09,2.01,1.88,1.82
SC0,27/10/18,Kilmarnock,Hamilton,,,,,,,1.44,4.5,7,1.45,4.6,6,1.42,4.35,6.9,1.44,4.74,7.42,1.42,4.75,7,1.44,4.5,7.5,36,1.47,1.43,4.75,4.46,8,7.05,34,1.98,1.88,2,1.89,17,-1,1.76,1.71,2.25,2.13
SC0,27/10/18,St Johnstone,St Mirren,,,,,,,1.85,3.5,4.2,1.85,3.4,4.25,1.83,3.4,4.25,1.88,3.69,4.35,1.85,3.6,4.2,1.87,3.5,4.3,37,1.92,1.87,3.69,3.46,4.55,4.2,35,2.25,2.14,1.75,1.68,17,-0.75,2.23,2.14,1.77,1.71
SC1,27/10/18,Alloa,Inverness C,,,,,,,3.75,3.3,2,3.25,3.3,2,3.4,3.25,1.97,3.71,3.49,2.07,3.5,3.4,2.1,3.75,3.4,2.05,36,3.75,3.46,3.55,3.34,2.1,2.02,35,2,1.91,1.92,1.83,14,0.5,1.84,1.78,2.11,2.01
SC1,27/10/18,Dunfermline,Dundee United,,,,,,,2.3,3.4,3,2.1,3.4,2.95,2.25,3.2,2.85,2.4,3.48,3,2.35,3.4,2.9,2.38,3.4,3,36,2.41,2.28,3.55,3.35,3.1,2.87,35,1.95,1.85,1.99,1.88,16,-0.25,2.09,2.01,1.86,1.78
SC1,27/10/18,Partick,Ayr,,,,,,,2.6,3.4,2.6,2.4,3.4,2.5,2.5,3.25,2.45,2.72,3.48,2.62,2.62,3.5,2.55,2.7,3.5,2.55,34,2.72,2.59,3.5,3.37,2.7,2.51,32,1.87,1.79,2.05,1.96,16,0,2,1.92,1.95,1.86
SC1,27/10/18,Queen of Sth,Falkirk,,,,,,,1.75,3.6,4.6,1.72,3.5,4.1,1.67,3.55,4.35,1.71,3.99,4.82,1.75,3.9,4.33,1.75,3.8,4.6,36,1.75,1.7,3.99,3.7,4.99,4.43,35,1.87,1.79,2.05,1.95,15,-0.75,2,1.92,1.95,1.87
SC1,27/10/18,Ross County,Morton,,,,,,,1.53,4.33,5.5,1.5,4.1,5,1.5,3.85,5.2,1.56,4.18,6.07,1.57,4.2,5.5,1.57,4.1,5.75,36,1.6,1.53,4.33,4.04,6.13,5.41,33,1.8,1.73,2.1,2.01,15,-1,2.05,1.94,1.9,1.84
SC2,27/10/18,Airdrie Utd,Stenhousemuir,,,,,,,1.85,3.8,3.8,1.8,3.75,3.5,1.9,3.55,3.5,1.98,3.8,3.61,1.95,3.75,3.6,1.93,3.75,3.8,35,2,1.89,3.85,3.61,3.9,3.54,32,1.75,1.67,2.2,2.09,12,-0.5,1.97,1.9,1.94,1.87
SC2,27/10/18,Brechin,Montrose,,,,,,,2.14,3.5,3.2,2.1,3.5,2.85,2.1,3.45,2.95,2.22,3.89,2.98,2.15,3.8,3,2.2,3.6,3,35,2.25,2.14,3.89,3.56,3.2,2.92,31,1.8,1.73,2.1,2.01,12,-0.25,1.95,1.89,2,1.88
SC2,27/10/18,Dumbarton,East Fife,,,,,,,2.75,3.6,2.35,2.5,3.6,2.3,2.8,3.4,2.25,2.87,3.78,2.32,2.8,3.75,2.3,2.88,3.6,2.38,35,2.95,2.74,3.78,3.51,2.38,2.27,31,1.8,1.73,2.11,2.01,14,0.25,1.84,1.79,2.05,1.98
SC2,27/10/18,Forfar,Raith Rvs,,,,,,,3,3.6,2.2,2.8,3.6,2.1,3.05,3.45,2.1,3.21,3.73,2.15,3,3.7,2.15,3.1,3.6,2.25,35,3.25,2.95,3.73,3.51,2.25,2.13,32,1.75,1.68,2.2,2.08,14,0.25,1.99,1.88,1.97,1.89
SC2,27/10/18,Stranraer,Arbroath,,,,,,,4.2,3.75,1.8,3.6,3.6,1.8,3.8,3.75,1.75,3.95,4.19,1.79,3.9,4.2,1.78,4.1,3.9,1.83,35,4.2,3.79,4.2,3.78,1.95,1.78,32,1.65,1.59,2.43,2.24,13,0.5,2.08,1.99,1.84,1.77
SC3,27/10/18,Albion Rvs,Queens Park,,,,,,,4.75,4,1.66,4,3.8,1.67,4.7,3.85,1.6,4.91,4.21,1.64,4.75,4.2,1.65,5,4,1.67,34,5.25,4.59,4.21,3.88,1.67,1.62,31,1.8,1.7,2.15,2.06,14,0.75,2.05,1.98,1.87,1.79
SC3,27/10/18,Berwick,Cowdenbeath,,,,,,,2.3,3.5,2.87,2.35,3.5,2.5,2.35,3.25,2.75,2.49,3.5,2.81,2.38,3.5,2.8,2.38,3.4,3,34,2.5,2.36,3.5,3.35,3,2.73,33,2.03,1.9,1.9,1.83,13,-0.25,2.14,2.04,1.84,1.74
SC3,27/10/18,Clyde,Peterhead,,,,,,,2.7,3.4,2.5,2.4,3.4,2.5,2.6,3.3,2.4,2.75,3.54,2.52,2.7,3.5,2.5,2.7,3.4,2.6,34,2.76,2.6,3.55,3.35,2.6,2.44,33,1.82,1.74,2.1,2,13,0,2.02,1.96,1.89,1.81
SC3,27/10/18,Elgin,Annan Athletic,,,,,,,2.37,3.6,2.75,2.3,3.6,2.5,2.3,3.45,2.65,2.46,3.78,2.69,2.38,3.7,2.7,2.38,3.6,2.88,34,2.46,2.33,3.78,3.52,2.88,2.63,31,1.73,1.66,2.25,2.11,13,-0.25,2.14,2.04,1.82,1.74
SC3,27/10/18,Stirling,Edinburgh City,,,,,,,4,3.5,1.9,3.5,3.3,1.91,3.95,3.45,1.8,4.02,3.79,1.87,4.2,3.8,1.8,4.2,3.6,1.87,34,4.3,3.84,3.85,3.52,1.91,1.83,32,2,1.9,1.92,1.83,13,0.5,2.01,1.95,1.89,1.82
SP1,26/10/18,Valladolid,Espanol,,,,,,,3.4,3.1,2.25,3.1,3.2,2.4,2.75,3.25,2.6,3.45,3.21,2.36,3.3,3.1,2.35,3.4,3.2,2.38,36,3.45,3.3,3.25,3.14,2.6,2.35,33,2.51,2.38,1.62,1.58,16,0.25,1.94,1.89,2.01,1.99
SP1,27/10/18,Ath Bilbao,Valencia,,,,,,,2.5,3.3,2.87,2.55,3.3,2.85,2.4,3.3,2.95,2.69,3.23,2.91,2.6,3.25,2.8,2.63,3.3,2.9,37,2.74,2.6,3.35,3.22,2.95,2.83,35,2.2,2.09,1.8,1.73,17,-0.25,2.31,2.23,1.74,1.69
SP1,27/10/18,Ath Madrid,Sociedad,,,,,,,1.53,3.8,7.5,1.55,3.8,7,1.5,3.9,7.6,1.55,3.96,7.47,1.55,4,6.5,1.55,4,7.5,37,1.6,1.53,4.15,3.9,7.65,7.19,35,2.35,2.22,1.71,1.65,18,-1,2.02,1.96,1.95,1.9
SP1,27/10/18,Celta,Eibar,,,,,,,2.14,3.3,3.6,2.1,3.4,3.6,2.1,3.4,3.5,2.25,3.41,3.49,2.2,3.3,3.4,2.2,3.4,3.5,37,2.25,2.18,3.45,3.35,3.62,3.42,34,2.05,1.97,1.9,1.83,17,-0.25,1.95,1.88,2.04,1.98
SP1,27/10/18,Girona,Vallecano,,,,,,,1.85,3.5,4.5,1.83,3.6,4.4,1.8,3.6,4.5,1.93,3.58,4.31,1.91,3.6,4,1.93,3.75,4.1,37,1.95,1.89,3.75,3.57,4.5,4.22,34,1.97,1.89,2,1.91,18,-1,2.79,2.66,1.55,1.5
SP1,27/10/18,Levante,Leganes,,,,,,,2.1,3.25,3.75,2.15,3.4,3.4,2.2,3.3,3.4,2.17,3.43,3.65,2.15,3.3,3.5,2.15,3.3,3.6,37,2.22,2.15,3.45,3.33,3.75,3.51,35,2.1,2.04,1.85,1.77,16,0,1.57,1.54,2.66,2.54
SP1,28/10/18,Alaves,Villarreal,,,,,,,3,3.2,2.5,3.1,3.2,2.4,2.65,3.3,2.65,3.18,3.34,2.43,3.1,3.2,2.4,3.1,3.25,2.38,37,3.25,3.1,3.35,3.21,2.65,2.4,35,2.35,2.24,1.7,1.64,17,0.25,1.86,1.83,2.1,2.04
SP1,28/10/18,Barcelona,Real Madrid,,,,,,,1.95,3.8,3.6,1.95,3.8,3.6,2.1,3.6,3.3,2,3.78,3.8,2,3.7,3.6,1.95,3.8,3.6,36,2.1,1.97,3.95,3.74,3.89,3.65,33,1.6,1.53,2.6,2.46,17,-0.25,1.75,1.72,2.28,2.2
SP1,28/10/18,Getafe,Betis,,,,,,,2.4,3.1,3.25,2.4,3.1,3.2,2.4,3.05,3.25,2.48,3.12,3.32,2.4,3.1,3.2,2.45,3.1,3.3,37,2.52,2.42,3.15,3.06,3.35,3.23,34,2.65,2.52,1.56,1.52,18,-0.25,2.1,2.04,1.88,1.83
SP1,28/10/18,Sevilla,Huesca,,,,,,,1.22,6.5,13,1.26,5.75,12.5,1.22,6.5,12.5,1.25,6.66,12.27,1.25,5.8,12,1.22,6.5,13,37,1.3,1.24,7,6.3,13.5,11.99,35,1.46,1.42,2.95,2.77,18,-2,2.16,2.09,1.85,1.78
SP2,26/10/18,Sp Gijon,Cordoba,,,,,,,1.53,3.75,7,1.6,3.75,6,1.55,3.75,6,1.58,3.91,6.74,1.57,3.8,5.8,1.57,3.8,6.5,34,1.62,1.57,3.91,3.71,7.46,6.08,33,2.1,2,1.88,1.77,15,-1,2.1,2,1.89,1.81
SP2,27/10/18,Granada,Almeria,,,,,,,1.72,3.5,5,1.78,3.3,5,1.75,3.35,4.8,1.78,3.37,5.45,1.8,3.3,4.75,1.8,3.3,5.25,37,1.81,1.76,3.6,3.34,5.45,4.9,35,2.3,2.19,1.7,1.64,17,-0.75,2.07,2,1.87,1.82
SP2,27/10/18,La Coruna,Reus Deportiu,,,,,,,1.44,4,8,1.53,3.8,7,1.46,3.9,7.2,1.47,4.2,7.65,1.44,4,7.5,1.5,3.9,8,37,1.53,1.47,4.3,3.89,8,7.28,33,2.35,2.24,1.7,1.61,17,-1.25,2.27,2.18,1.75,1.68
SP2,27/10/18,Lugo,Cadiz,,,,,,,2.45,2.8,3.4,2.6,2.8,3.1,2.55,2.8,3.05,2.64,2.93,3.16,2.6,2.88,3,2.63,2.9,3.1,37,2.65,2.54,3,2.82,3.4,3.06,33,2.9,2.71,1.5,1.43,17,-0.25,2.21,2.15,1.75,1.69
SP2,27/10/18,Mallorca,Las Palmas,,,,,,,2.25,3,3.5,2.25,3,3.5,2.2,3.05,3.3,2.36,3.04,3.5,2.3,3.1,3.2,2.3,3.13,3.4,37,2.38,2.26,3.25,3.03,3.55,3.34,34,2.3,2.2,1.7,1.64,17,-0.25,2,1.93,1.95,1.89
SP2,27/10/18,Tenerife,Alcorcon,,,,,,,2.14,2.9,4,2.25,2.9,3.7,2.2,2.85,3.7,2.33,2.85,3.89,2.25,2.88,3.6,2.25,2.9,3.8,36,2.35,2.23,3,2.86,4,3.66,32,2.9,2.72,1.5,1.43,16,-0.25,1.93,1.88,2.01,1.95
SP2,28/10/18,Elche,Zaragoza,,,,,,,2.25,3.1,3.4,2.3,3.1,3.3,2.25,3.05,3.25,2.37,3.02,3.53,2.35,3,3.2,2.3,3.1,3.3,35,2.38,2.28,3.25,3.04,3.53,3.27,32,2.3,2.2,1.7,1.63,16,-0.25,2.02,1.95,1.92,1.86
SP2,28/10/18,Extremadura UD,Albacete,,,,,,,2.25,3.1,3.4,2.3,3.1,3.3,2.25,3,3.25,2.36,3.09,3.45,2.35,3,3.2,2.38,3.1,3.3,36,2.4,2.29,3.2,3.03,3.45,3.2,34,2.3,2.18,1.7,1.64,16,-0.25,2.03,1.97,1.91,1.85
SP2,28/10/18,Gimnastic,Oviedo,,,,,,,3.1,2.9,2.54,3,2.9,2.6,3.05,2.9,2.45,3.26,2.96,2.55,3.1,2.9,2.5,3.13,3,2.5,36,3.26,3.05,3.1,2.9,2.65,2.49,33,2.6,2.42,1.6,1.53,16,0.25,1.8,1.73,2.21,2.12
SP2,28/10/18,Rayo Majadahonda,Osasuna,,,,,,,3.25,2.87,2.45,3,2.9,2.65,3.05,2.85,2.45,3.28,2.84,2.63,3.1,2.88,2.5,3.2,2.9,2.55,36,3.28,3.03,3.05,2.87,2.65,2.51,32,2.6,2.42,1.6,1.52,16,0.25,1.8,1.71,2.2,2.12
SP2,29/10/18,Malaga,Numancia,,,,,,,1.7,3.3,5.75,1.75,3.4,5.25,1.7,3.35,5.1,1.74,3.38,5.84,1.73,3.4,5,1.73,3.5,5.4,36,1.8,1.72,3.6,3.34,5.84,5.18,34,2.26,2.14,1.75,1.66,16,-0.75,2,1.94,1.94,1.87
T1,26/10/18,Bursaspor,Alanyaspor,,,,,,,1.8,3.5,4.5,1.85,3.5,4,1.77,3.35,4.65,1.8,3.6,4.95,1.8,3.5,4.6,1.8,3.4,4.75,35,1.86,1.81,3.6,3.44,5.02,4.59,32,2.33,2.24,1.7,1.63,16,-0.5,1.85,1.8,2.12,2.06
T1,27/10/18,Antalyaspor,Trabzonspor,,,,,,,3.2,3.4,2.2,3.1,3.4,2.15,3.1,3.5,2.15,3.11,3.82,2.2,3.2,3.7,2.1,3.25,3.5,2.15,36,3.3,3.12,3.82,3.52,2.22,2.15,34,1.86,1.78,2.1,2,17,0.25,2.02,1.95,1.92,1.87
T1,27/10/18,Erzurum BB,Kasimpasa,,,,,,,2.7,3.4,2.5,2.7,3.4,2.4,2.6,3.4,2.5,2.77,3.37,2.65,2.62,3.4,2.55,2.63,3.6,2.5,35,2.85,2.65,3.6,3.38,2.65,2.52,31,1.75,1.66,2.25,2.18,17,0.25,1.72,1.68,2.29,2.2
T1,27/10/18,Konyaspor,Buyuksehyr,,,,,,,2.9,3.1,2.5,3,3.1,2.35,2.9,3,2.5,3.01,3.11,2.62,2.9,3.1,2.55,2.88,3.13,2.55,36,3.05,2.9,3.2,3.08,2.62,2.51,32,2.4,2.25,1.65,1.61,17,0,2.1,2.04,1.86,1.79
T1,28/10/18,Fenerbahce,Ankaragucu,,,,,,,1.44,4.5,6.5,1.4,4.33,7.5,1.45,4.15,6.6,1.43,4.22,8.84,1.47,4.2,7,1.44,4.4,7,35,1.5,1.43,4.8,4.31,9.02,7.27,33,1.81,1.76,2.16,2.03,19,-1,1.8,1.72,2.26,2.12
T1,28/10/18,Kayserispor,Sivasspor,,,,,,,2.37,3.3,2.9,2.35,3.2,2.9,2.35,3.2,2.9,2.46,3.3,3.06,2.45,3.3,2.88,2.45,3.3,2.88,35,2.5,2.41,3.4,3.25,3.1,2.89,34,2.1,1.99,1.85,1.79,17,-0.25,2.17,2.08,1.8,1.75
T1,28/10/18,Yeni Malatyaspor,Galatasaray,,,,,,,3.6,3.3,2.04,3.75,3.3,1.95,3.45,3.15,2.1,3.75,3.14,2.21,3.4,3.25,2.2,3.4,3.3,2.15,36,3.79,3.49,3.35,3.19,2.23,2.12,35,2.2,2.06,1.8,1.74,16,0.25,2.04,1.98,1.91,1.84
T1,29/10/18,Akhisar Belediyespor,Goztep,,,,,,,2.9,3.25,2.4,2.5,3.3,2.65,2.75,3.3,2.45,2.84,3.46,2.53,2.8,3.4,2.45,2.8,3.4,2.45,36,2.9,2.76,3.5,3.31,2.65,2.46,33,1.95,1.86,2,1.91,16,0.25,1.77,1.72,2.21,2.12
T1,29/10/18,Besiktas,Rizespor,,,,,,,1.2,6,15,1.17,6.5,14.5,1.13,7.3,20,1.17,6.75,18.88,1.2,6.5,13,1.2,6.25,15,33,1.22,1.17,8.25,6.59,25,16.86,29,1.75,1.66,2.25,2.16,15,-2,2.28,2.2,1.77,1.69
